{"angle_min": -3.141590118408203, "range_min": 0.30000001192092896, "scan_time": 0.03333330154418945, "range_max": 50.0, "angle_increment": 0.005799999926239252, "angle_max": 3.141590118408203, "ranges": [51.0, 51.0, 51.0, 24.639728546142578, 24.642059326171875, 51.0, 51.0, 51.0, 51.0, 51.0, 51.0, 51.0, 51.0, 51.0, 51.0, 51.0, 51.0, 51.0, 51.0, 51.0, 51.0, 51.0, 51.0, 51.0, 51.0, 51.0, 51.0, 51.0, 51.0, 28.1137752532959, 51.0, 51.0, 51.0, 51.0, 51.0, 8.141407012939453, 51.0, 8.01455020904541, 8.137513160705566, 51.0, 8.060681343078613, 51.0, 7.794063091278076, 7.727299690246582, 51.0, 7.66057014465332, 51.0, 7.553918838500977, 7.587147235870361, 51.0, 7.47057580947876, 51.0, 7.284131050109863, 7.25752592086792, 51.0, 7.300860404968262, 7.504018783569336, 51.0, 7.397598743438721, 51.0, 7.411053657531738, 7.434523582458496, 51.0, 7.468006610870361, 7.4915289878845215, 51.0, 7.515077590942383, 7.428807258605957, 51.0, 7.432437896728516, 51.0, 7.476036071777344, 7.389851093292236, 51.0, 7.203857898712158, 51.0, 7.107760429382324, 7.4010515213012695, 51.0, 8.36727523803711, 8.910441398620605, 8.964213371276855, 51.0, 51.0, 8.28890323638916, 51.0, 7.553884983062744, 51.0, 7.467954635620117, 7.4619140625, 51.0, 7.435931205749512, 51.0, 7.479848384857178, 7.513802528381348, 7.657587051391602, 51.0, 51.0, 51.0, 51.0, 51.0, 51.0, 51.0, 51.0, 51.0, 51.0, 51.0, 10.011392593383789, 10.085501670837402, 51.0, 10.089703559875488, 10.173836708068848, 51.0, 10.307931900024414, 10.382108688354492, 51.0, 10.436321258544922, 10.510528564453125, 51.0, 10.574762344360352, 10.359310150146484, 51.0, 10.193829536437988, 51.0, 10.198172569274902, 10.272448539733887, 51.0, 10.336750030517578, 10.421041488647461, 51.0, 10.505348205566406, 10.589665412902832, 51.0, 51.0, 51.0, 51.0, 51.0, 51.0, 51.0, 8.138875007629395, 8.134398460388184, 51.0, 51.0, 51.0, 9.966818809509277, 9.133556365966797, 51.0, 9.788032531738281, 9.653697967529297, 51.0, 9.669136047363281, 9.674581527709961, 51.0, 9.729945182800293, 9.655494689941406, 9.561068534851074, 51.0, 9.516563415527344, 9.442097663879395, 51.0, 9.277775764465332, 9.203306198120117, 51.0, 9.288570404052734, 7.882063865661621, 7.867488861083984, 51.0, 51.0, 51.0, 9.76939582824707, 7.260517120361328, 9.954511642456055, 7.265877723693848, 10.439233779907227, 51.0, 51.0, 51.0, 51.0, 10.924761772155762, 10.980067253112793, 7.8313212394714355, 11.205182075500488, 51.0, 11.590136528015137, 51.0, 7.717679977416992, 7.663174152374268, 51.0, 7.648573875427246, 7.653927803039551, 51.0, 7.609401702880859, 7.584829807281494, 51.0, 7.570236682891846, 51.0, 7.864926338195801, 8.000008583068848, 51.0, 8.414543151855469, 51.0, 8.449864387512207, 8.205737113952637, 7.702219486236572, 7.308567047119141, 7.294002532958984, 51.0, 7.279443264007568, 0.8807307481765747, 0.876155436038971, 7.409944534301758, 0.8715868592262268, 0.8582614660263062, 0.8537030816078186, 7.899685382843018, 0.8491523861885071, 0.8225930333137512, 7.960448741912842, 0.8180575370788574, 8.025773048400879, 0.8135312795639038, 51.0, 0.7957867383956909, 0.7825868725776672, 5.292368412017822, 0.7780884504318237, 0.773601233959198, 5.323215007781982, 0.7473047375679016, 5.3187432289123535, 5.264501094818115, 0.7383835911750793, 5.046569347381592, 51.0, 0.7426301836967468, 0.7295154929161072, 51.0, 0.7251026630401611, 51.0, 0.7076305747032166, 51.0, 0.7032541632652283, 0.6772077679634094, 51.0, 0.6728596687316895, 0.6598889827728271, 10.670839309692383, 8.534948348999023, 0.6642171144485474, 0.6512585282325745, 51.0, 0.646972119808197, 51.0, 0.6297919154167175, 51.0, 12.39789867401123, 12.383678436279297, 0.6342366337776184, 12.379467964172363, 0.6171432137489319, 3.733163833618164, 12.331128120422363, 0.6129730939865112, 51.0, 0.5959826707839966, 12.568536758422852, 0.5918706655502319, 4.9424238204956055, 51.0, 0.5877850651741028, 51.0, 0.5837267637252808, 51.0, 0.5796966552734375, 51.0, 0.5756956338882446, 0.5629293322563171, 7.433669090270996, 0.5589691400527954, 51.0, 0.5550404191017151, 0.5423269271850586, 0.5296446681022644, 51.0, 51.0, 51.0, 0.5345918536186218, 51.0, 0.5307763814926147, 51.0, 51.0, 51.0, 0.535903811454773, 0.5232550501823425, 51.0, 0.5195512771606445, 0.5069475173950195, 51.0, 51.0, 51.0, 0.5122633576393127, 51.0, 51.0, 51.0, 0.5177082419395447, 0.5051421523094177, 51.0, 51.0, 51.0, 0.5107242465019226, 0.49819719791412354, 51.0, 51.0, 0.49479377269744873, 51.0, 51.0, 0.4914380609989166, 0.47898322343826294, 51.0, 51.0, 51.0, 0.4848746657371521, 51.0, 51.0, 0.481669545173645, 0.4692869484424591, 51.0, 51.0, 0.46616092324256897, 51.0, 51.0, 51.0, 0.4723755717277527, 51.0, 51.0, 0.4693891704082489, 51.0, 0.466460645198822, 51.0, 51.0, 0.46359142661094666, 51.0, 0.45138636231422424, 51.0, 51.0, 51.0, 0.4580361247062683, 51.0, 51.0, 0.45535266399383545, 51.0, 0.4432550072669983, 51.0, 51.0, 0.4406750202178955, 51.0, 51.0, 0.4381624758243561, 51.0, 51.0, 0.4357188642024994, 51.0, 0.42377910017967224, 51.0, 51.0, 51.0, 51.0, 0.44065484404563904, 51.0, 51.0, 51.0, 0.44810381531715393, 0.42665982246398926, 51.0, 51.0, 51.0, 0.43426647782325745, 51.0, 51.0, 51.0, 0.43228766322135925, 51.0, 51.0, 0.43038633465766907, 51.0, 51.0, 0.42856359481811523, 51.0, 51.0, 0.4268205165863037, 51.0, 51.0, 51.0, 0.4349655210971832, 51.0, 0.41375988721847534, 51.0, 51.0, 51.0, 51.0, 0.43192562460899353, 51.0, 51.0, 0.4305298328399658, 51.0, 51.0, 51.0, 0.43910276889801025, 51.0, 51.0, 0.42799112200737, 51.0, 51.0, 0.43676382303237915, 51.0, 51.0, 51.0, 0.4357221722602844, 51.0, 51.0, 0.4347667694091797, 51.0, 51.0, 51.0, 0.4438507556915283, 51.0, 51.0, 0.4430791735649109, 51.0, 51.0, 51.0, 0.45236650109291077, 51.0, 51.0, 0.4517763555049896, 51.0, 51.0, 0.4512729346752167, 51.0, 51.0, 0.45085668563842773, 51.0, 51.0, 51.0, 0.46052229404449463, 51.0, 51.0, 0.4502863883972168, 51.0, 51.0, 0.4601318836212158, 51.0, 51.0, 0.46006685495376587, 51.0, 51.0, 51.0, 0.46008870005607605, 51.0, 51.0, 0.4701957106590271, 51.0, 51.0, 0.4803852438926697, 51.0, 51.0, 0.4906546175479889, 51.0, 51.0, 0.48102128505706787, 51.0, 51.0, 0.49145084619522095, 51.0, 51.0, 51.0, 0.48199450969696045, 51.0, 0.4925798177719116, 51.0, 51.0, 51.0, 0.4932682514190674, 51.0, 51.0, 0.494038850069046, 51.0, 0.5048415660858154, 51.0, 51.0, 0.5157091021537781, 51.0, 51.0, 0.5067696571350098, 51.0, 51.0, 0.5277021527290344, 51.0, 51.0, 0.5189270377159119, 51.0, 51.0, 0.5300593376159668, 51.0, 51.0, 0.5313525199890137, 51.0, 0.5426050424575806, 51.0, 51.0, 0.5341650247573853, 51.0, 0.5554032921791077, 51.0, 51.0, 51.0, 0.5471178889274597, 51.0, 51.0, 0.5487674474716187, 51.0, 0.5603098273277283, 51.0, 0.5718998908996582, 51.0, 51.0, 0.5737313628196716, 51.0, 51.0, 0.5756310224533081, 0.5971574187278748, 51.0, 0.6089369654655457, 51.0, 51.0, 51.0, 0.6012292504310608, 51.0, 51.0, 0.5936236381530762, 0.6152892708778381, 51.0, 0.6369906663894653, 51.0, 0.6392651796340942, 5.936727046966553, 51.0, 0.6415997743606567, 0.6633985042572021, 5.9514546394348145, 0.6755229830741882, 51.0, 0.6779889464378357, 6.048746585845947, 0.6901932954788208, 6.0312981605529785, 0.7024343013763428, 5.943961143493652, 51.0, 0.7050386667251587, 0.7270239591598511, 6.031795024871826, 0.7393717169761658, 0.7517540454864502, 51.0, 0.7641709446907043, 0.7862826585769653, 5.700472354888916, 0.7987633943557739, 51.0, 0.8112775087356567, 0.8238245844841003, 51.0, 0.8364041447639465, 5.924622535705566, 0.8490158915519714, 0.8713100552558899, 0.9033010601997375, 5.850749969482422, 51.0, 5.404573917388916, 51.0, 5.148193836212158, 51.0, 5.05155611038208, 51.0, 4.87515926361084, 51.0, 4.648978233337402, 51.0, 51.0, 4.422914981842041, 51.0, 4.196981906890869, 51.0, 4.030961990356445, 51.0, 4.01443338394165, 51.0, 3.8386168479919434, 51.0, 51.0, 3.603233575820923, 51.0, 3.566957712173462, 51.0, 3.570502996444702, 3.5840225219726562, 51.0, 3.6174583435058594, 3.770287036895752, 3.793825149536133, 51.0, 3.8074398040771484, 3.8111321926116943, 51.0, 3.834744691848755, 